Phase,Task,Priority
Setup,Install Node.js/Python,High
Setup,Initialize project,High
Setup,Install MCP SDK,High
Setup,Configure TypeScript/Python,Medium
Development,Define server structure,High
Development,Implement tools/resources,High
Development,Add error handling,High
Development,Configure environment variables,High
Testing,Test with MCP Inspector,High
Testing,Test in Cursor locally,High
Testing,Validate all endpoints,Medium
Deployment,Containerize with Docker,High
Deployment,Configure CI/CD,Medium
Deployment,Deploy to platform,High
Deployment,Set up monitoring,Medium
Production,Implement authentication,High
Production,Monitor performance,Medium
Production,Regular maintenance,Low
